{
  "hash": "71f99118",
  "configHash": "eb8aaf37",
  "lockfileHash": "4191a62a",
  "browserHash": "c885e8ae",
  "optimized": {
    "@angular/common/http": {
      "src": "../../../../../../node_modules/@angular/common/fesm2022/http.mjs",
      "file": "@angular_common_http.js",
      "fileHash": "ed6b34d2",
      "needsInterop": false
    },
    "@angular/core": {
      "src": "../../../../../../node_modules/@angular/core/fesm2022/core.mjs",
      "file": "@angular_core.js",
      "fileHash": "0c976fd0",
      "needsInterop": false
    },
    "@angular/platform-browser": {
      "src": "../../../../../../node_modules/@angular/platform-browser/fesm2022/platform-browser.mjs",
      "file": "@angular_platform-browser.js",
      "fileHash": "184fbd23",
      "needsInterop": false
    },
    "@angular/router": {
      "src": "../../../../../../node_modules/@angular/router/fesm2022/router.mjs",
      "file": "@angular_router.js",
      "fileHash": "b3ae29d5",
      "needsInterop": false
    },
    "@angular/forms": {
      "src": "../../../../../../node_modules/@angular/forms/fesm2022/forms.mjs",
      "file": "@angular_forms.js",
      "fileHash": "dbb4377e",
      "needsInterop": false
    },
    "@angular/common": {
      "src": "../../../../../../node_modules/@angular/common/fesm2022/common.mjs",
      "file": "@angular_common.js",
      "fileHash": "ab6079d5",
      "needsInterop": false
    }
  },
  "chunks": {
    "chunk-HVOX7SHY": {
      "file": "chunk-HVOX7SHY.js"
    },
    "chunk-74VA5E62": {
      "file": "chunk-74VA5E62.js"
    },
    "chunk-2WDSK4Z4": {
      "file": "chunk-2WDSK4Z4.js"
    },
    "chunk-PR7BJRWE": {
      "file": "chunk-PR7BJRWE.js"
    }
  }
}